A,C,D,E,F,G,H,I,K,L,M,N,P,Q,R,S,T,V,W,Y,best_docking_score
0.0,0.0,0.0,0.0,0.1111111111111111,0.3333333333333333,0.0,0.0,0.0,0.0,0.0,0.0,0.1111111111111111,0.0,0.1111111111111111,0.0,0.0,0.0,0.0,0.3333333333333333,-230.308
0.14285714285714285,0.0,0.0,0.03571428571428571,0.03571428571428571,0.07142857142857142,0.0,0.07142857142857142,0.10714285714285714,0.10714285714285714,0.03571428571428571,0.03571428571428571,0.17857142857142858,0.03571428571428571,0.0,0.03571428571428571,0.03571428571428571,0.03571428571428571,0.0,0.03571428571428571,-227.293
0.0,0.043478260869565216,0.0,0.0,0.043478260869565216,0.08695652173913043,0.043478260869565216,0.08695652173913043,0.0,0.08695652173913043,0.043478260869565216,0.0,0.13043478260869565,0.043478260869565216,0.043478260869565216,0.13043478260869565,0.08695652173913043,0.0,0.08695652173913043,0.043478260869565216,-224.63
0.0,0.0,0.0,0.0,0.08333333333333333,0.3333333333333333,0.0,0.08333333333333333,0.0,0.0,0.0,0.0,0.08333333333333333,0.0,0.16666666666666666,0.0,0.0,0.0,0.0,0.25,-218.979
0.0,0.0,0.0,0.0,0.09090909090909091,0.09090909090909091,0.0,0.0,0.0,0.09090909090909091,0.0,0.0,0.2727272727272727,0.09090909090909091,0.18181818181818182,0.0,0.09090909090909091,0.0,0.0,0.09090909090909091,-218.227
0.18181818181818182,0.045454545454545456,0.0,0.045454545454545456,0.045454545454545456,0.045454545454545456,0.045454545454545456,0.0,0.045454545454545456,0.22727272727272727,0.0,0.0,0.045454545454545456,0.09090909090909091,0.045454545454545456,0.0,0.09090909090909091,0.0,0.045454545454545456,0.0,-214.97
0.07142857142857142,0.0,0.0,0.03571428571428571,0.0,0.10714285714285714,0.0,0.03571428571428571,0.0,0.0,0.03571428571428571,0.0,0.32142857142857145,0.0,0.0,0.25,0.03571428571428571,0.0,0.0,0.10714285714285714,-210.899
0.041666666666666664,0.041666666666666664,0.0,0.0,0.041666666666666664,0.08333333333333333,0.0,0.0,0.0,0.08333333333333333,0.0,0.0,0.3333333333333333,0.0,0.125,0.16666666666666666,0.08333333333333333,0.0,0.0,0.0,-210.009
0.0,0.0,0.0,0.0,0.1,0.4,0.0,0.0,0.0,0.0,0.0,0.0,0.1,0.0,0.1,0.0,0.0,0.0,0.0,0.3,-209.84
0.08695652173913043,0.0,0.021739130434782608,0.0,0.0,0.32608695652173914,0.043478260869565216,0.021739130434782608,0.021739130434782608,0.0,0.0,0.0,0.2826086956521739,0.043478260869565216,0.06521739130434782,0.021739130434782608,0.043478260869565216,0.021739130434782608,0.0,0.0,-209.592
0.038461538461538464,0.0,0.0,0.0,0.0,0.19230769230769232,0.0,0.038461538461538464,0.0,0.0,0.038461538461538464,0.0,0.3076923076923077,0.0,0.0,0.3076923076923077,0.0,0.0,0.0,0.07692307692307693,-208.804
0.04,0.0,0.0,0.12,0.12,0.04,0.0,0.04,0.08,0.12,0.04,0.0,0.04,0.08,0.0,0.16,0.0,0.0,0.0,0.12,-205.249
0.037037037037037035,0.0,0.037037037037037035,0.037037037037037035,0.037037037037037035,0.25925925925925924,0.0,0.037037037037037035,0.037037037037037035,0.07407407407407407,0.0,0.037037037037037035,0.18518518518518517,0.037037037037037035,0.0,0.07407407407407407,0.037037037037037035,0.0,0.0,0.07407407407407407,-204.846
0.30952380952380953,0.0,0.0,0.0,0.0,0.09523809523809523,0.023809523809523808,0.0,0.0,0.023809523809523808,0.0,0.023809523809523808,0.40476190476190477,0.023809523809523808,0.023809523809523808,0.0,0.047619047619047616,0.023809523809523808,0.0,0.0,-204.127
0.043478260869565216,0.0,0.0,0.0,0.0,0.13043478260869565,0.0,0.0,0.0,0.0,0.043478260869565216,0.0,0.17391304347826086,0.21739130434782608,0.08695652173913043,0.08695652173913043,0.08695652173913043,0.043478260869565216,0.0,0.08695652173913043,-204.098
0.16666666666666666,0.05555555555555555,0.0,0.0,0.0,0.0,0.0,0.0,0.1111111111111111,0.0,0.0,0.05555555555555555,0.2777777777777778,0.1111111111111111,0.05555555555555555,0.05555555555555555,0.05555555555555555,0.0,0.0,0.05555555555555555,-202.584
0.0625,0.0,0.0,0.0,0.0,0.0625,0.0625,0.0,0.0,0.125,0.0,0.0,0.1875,0.0625,0.0,0.0625,0.3125,0.0,0.0,0.0625,-202.362
0.0,0.05,0.0,0.1,0.0,0.2,0.0,0.05,0.0,0.0,0.0,0.0,0.35,0.0,0.0,0.05,0.0,0.1,0.05,0.05,-201.131
0.30303030303030304,0.0,0.0,0.0,0.0,0.06060606060606061,0.030303030303030304,0.0,0.0,0.030303030303030304,0.0,0.0,0.45454545454545453,0.0,0.030303030303030304,0.0,0.06060606060606061,0.030303030303030304,0.0,0.0,-201.002
0.041666666666666664,0.0,0.125,0.0,0.0,0.041666666666666664,0.0,0.041666666666666664,0.08333333333333333,0.20833333333333334,0.0,0.0,0.125,0.041666666666666664,0.125,0.0,0.08333333333333333,0.08333333333333333,0.0,0.0,-200.839
0.1,0.0,0.0,0.0,0.0,0.1,0.0,0.0,0.1,0.05,0.0,0.05,0.35,0.0,0.1,0.05,0.0,0.0,0.05,0.05,-200.834
0.1111111111111111,0.0,0.1111111111111111,0.16666666666666666,0.05555555555555555,0.05555555555555555,0.0,0.05555555555555555,0.1111111111111111,0.05555555555555555,0.0,0.05555555555555555,0.05555555555555555,0.0,0.05555555555555555,0.05555555555555555,0.0,0.05555555555555555,0.0,0.0,-200.595
0.07407407407407407,0.0,0.0,0.07407407407407407,0.1111111111111111,0.14814814814814814,0.0,0.037037037037037035,0.0,0.07407407407407407,0.037037037037037035,0.0,0.2962962962962963,0.0,0.07407407407407407,0.037037037037037035,0.0,0.037037037037037035,0.0,0.0,-200.553
0.0,0.0,0.0,0.0,0.09090909090909091,0.36363636363636365,0.0,0.09090909090909091,0.0,0.0,0.0,0.0,0.09090909090909091,0.0,0.09090909090909091,0.0,0.0,0.0,0.0,0.2727272727272727,-200.335
0.0,0.0,0.0,0.0,0.0,0.1,0.3,0.0,0.0,0.1,0.0,0.1,0.1,0.0,0.0,0.1,0.1,0.0,0.0,0.1,-200.062
0.2558139534883721,0.0,0.0,0.0,0.0,0.11627906976744186,0.046511627906976744,0.0,0.023255813953488372,0.16279069767441862,0.0,0.09302325581395349,0.13953488372093023,0.023255813953488372,0.0,0.06976744186046512,0.023255813953488372,0.046511627906976744,0.0,0.0,-199.991
0.1,0.0,0.0,0.0,0.2,0.2,0.0,0.0,0.0,0.0,0.0,0.0,0.4,0.1,0.0,0.0,0.0,0.0,0.0,0.0,-199.264
0.07142857142857142,0.0,0.07142857142857142,0.0,0.0,0.32142857142857145,0.0,0.0,0.07142857142857142,0.03571428571428571,0.0,0.0,0.25,0.03571428571428571,0.0,0.07142857142857142,0.07142857142857142,0.0,0.0,0.0,-197.888
0.1111111111111111,0.0,0.0,0.0,0.2222222222222222,0.0,0.0,0.1111111111111111,0.0,0.0,0.1111111111111111,0.0,0.3333333333333333,0.0,0.0,0.1111111111111111,0.0,0.0,0.0,0.0,-197.326
0.0,0.08823529411764706,0.08823529411764706,0.029411764705882353,0.08823529411764706,0.11764705882352941,0.0,0.0,0.058823529411764705,0.11764705882352941,0.0,0.029411764705882353,0.14705882352941177,0.058823529411764705,0.029411764705882353,0.029411764705882353,0.0,0.08823529411764706,0.0,0.029411764705882353,-196.396
0.05263157894736842,0.05263157894736842,0.0,0.05263157894736842,0.0,0.10526315789473684,0.0,0.10526315789473684,0.0,0.0,0.05263157894736842,0.0,0.15789473684210525,0.0,0.0,0.10526315789473684,0.15789473684210525,0.05263157894736842,0.05263157894736842,0.05263157894736842,-196.39
0.0,0.0,0.0,0.07142857142857142,0.0,0.0,0.0,0.0,0.0,0.0,0.0,0.0,0.2857142857142857,0.0,0.0,0.35714285714285715,0.14285714285714285,0.0,0.0,0.14285714285714285,-196.143
0.0,0.0,0.0,0.037037037037037035,0.037037037037037035,0.18518518518518517,0.0,0.037037037037037035,0.037037037037037035,0.18518518518518517,0.0,0.037037037037037035,0.2222222222222222,0.037037037037037035,0.037037037037037035,0.07407407407407407,0.0,0.037037037037037035,0.037037037037037035,0.0,-195.528
0.0,0.0,0.0,0.0,0.08333333333333333,0.16666666666666666,0.08333333333333333,0.0,0.0,0.08333333333333333,0.0,0.0,0.16666666666666666,0.16666666666666666,0.0,0.08333333333333333,0.0,0.08333333333333333,0.0,0.08333333333333333,-195.458
0.0,0.0,0.0,0.0,0.0,0.0,0.0,0.0,0.0,0.0,0.0,0.0,0.3,0.4,0.0,0.0,0.0,0.0,0.0,0.3,-195.196
0.0,0.0,0.034482758620689655,0.0,0.0,0.3103448275862069,0.034482758620689655,0.034482758620689655,0.034482758620689655,0.0,0.0,0.0,0.3448275862068966,0.0,0.06896551724137931,0.06896551724137931,0.034482758620689655,0.034482758620689655,0.0,0.0,-194.948
0.07142857142857142,0.0,0.07142857142857142,0.07142857142857142,0.07142857142857142,0.0,0.07142857142857142,0.0,0.07142857142857142,0.07142857142857142,0.0,0.0,0.07142857142857142,0.07142857142857142,0.07142857142857142,0.21428571428571427,0.0,0.0,0.07142857142857142,0.0,-194.8
0.03225806451612903,0.03225806451612903,0.03225806451612903,0.0,0.0,0.3225806451612903,0.0,0.06451612903225806,0.0,0.03225806451612903,0.0,0.03225806451612903,0.3548387096774194,0.03225806451612903,0.0,0.03225806451612903,0.0,0.0,0.0,0.03225806451612903,-194.363
0.058823529411764705,0.0,0.058823529411764705,0.0,0.0,0.29411764705882354,0.0,0.058823529411764705,0.0,0.0,0.0,0.0,0.35294117647058826,0.058823529411764705,0.11764705882352941,0.0,0.0,0.0,0.0,0.0,-193.963
0.09090909090909091,0.18181818181818182,0.0,0.18181818181818182,0.09090909090909091,0.09090909090909091,0.0,0.0,0.0,0.0,0.09090909090909091,0.09090909090909091,0.0,0.0,0.0,0.0,0.0,0.0,0.0,0.18181818181818182,-193.83
0.1951219512195122,0.0,0.024390243902439025,0.024390243902439025,0.0,0.34146341463414637,0.0,0.0,0.024390243902439025,0.0,0.0,0.0,0.2682926829268293,0.0,0.024390243902439025,0.024390243902439025,0.024390243902439025,0.04878048780487805,0.0,0.0,-193.567
0.0,0.0,0.0,0.0,0.07142857142857142,0.14285714285714285,0.0,0.0,0.0,0.0,0.0,0.0,0.5714285714285714,0.0,0.07142857142857142,0.0,0.0,0.07142857142857142,0.0,0.07142857142857142,-192.723
0.17391304347826086,0.0,0.0,0.0,0.0,0.17391304347826086,0.0,0.0,0.0,0.0,0.13043478260869565,0.08695652173913043,0.17391304347826086,0.043478260869565216,0.0,0.13043478260869565,0.043478260869565216,0.0,0.0,0.043478260869565216,-192.718
0.16666666666666666,0.0,0.0,0.06666666666666667,0.03333333333333333,0.3333333333333333,0.0,0.0,0.0,0.0,0.0,0.03333333333333333,0.23333333333333334,0.0,0.06666666666666667,0.03333333333333333,0.0,0.03333333333333333,0.0,0.0,-192.708
0.0,0.18181818181818182,0.0,0.045454545454545456,0.0,0.0,0.0,0.0,0.045454545454545456,0.18181818181818182,0.0,0.09090909090909091,0.09090909090909091,0.045454545454545456,0.045454545454545456,0.13636363636363635,0.045454545454545456,0.09090909090909091,0.0,0.0,-192.693
0.0,0.0,0.0,0.0,0.0,0.16666666666666666,0.0,0.0,0.0,0.0,0.0,0.0,0.6666666666666666,0.0,0.0,0.0,0.0,0.08333333333333333,0.0,0.08333333333333333,-192.407
0.0,0.0,0.0,0.0,0.0,0.25,0.08333333333333333,0.0,0.0,0.0,0.0,0.0,0.5,0.08333333333333333,0.08333333333333333,0.0,0.0,0.0,0.0,0.0,-192.143
0.1,0.1,0.0,0.0,0.1,0.1,0.1,0.0,0.1,0.0,0.1,0.0,0.0,0.0,0.0,0.1,0.1,0.0,0.0,0.1,-191.591
0.0,0.0,0.0,0.0,0.0,0.16666666666666666,0.05555555555555555,0.0,0.0,0.0,0.1111111111111111,0.0,0.2777777777777778,0.0,0.0,0.2777777777777778,0.0,0.1111111111111111,0.0,0.0,-191.557
0.0,0.0,0.0,0.0,0.0,0.3,0.0,0.05,0.0,0.05,0.05,0.0,0.25,0.0,0.1,0.15,0.0,0.05,0.0,0.0,-190.804
0.14285714285714285,0.0,0.0,0.0,0.07142857142857142,0.07142857142857142,0.07142857142857142,0.0,0.0,0.07142857142857142,0.0,0.07142857142857142,0.0,0.14285714285714285,0.07142857142857142,0.07142857142857142,0.0,0.21428571428571427,0.0,0.0,-190.771
0.18181818181818182,0.0,0.0,0.0,0.09090909090909091,0.0,0.0,0.09090909090909091,0.09090909090909091,0.09090909090909091,0.0,0.0,0.18181818181818182,0.0,0.09090909090909091,0.09090909090909091,0.0,0.09090909090909091,0.0,0.0,-189.945
0.0,0.0,0.0,0.0,0.09090909090909091,0.0,0.09090909090909091,0.09090909090909091,0.0,0.18181818181818182,0.0,0.0,0.18181818181818182,0.09090909090909091,0.09090909090909091,0.18181818181818182,0.0,0.0,0.0,0.0,-189.682
0.07407407407407407,0.037037037037037035,0.0,0.1111111111111111,0.0,0.18518518518518517,0.037037037037037035,0.037037037037037035,0.07407407407407407,0.0,0.037037037037037035,0.0,0.2222222222222222,0.0,0.07407407407407407,0.037037037037037035,0.037037037037037035,0.0,0.037037037037037035,0.0,-189.633
0.0,0.0,0.0,0.0,0.06666666666666667,0.2,0.0,0.0,0.0,0.0,0.0,0.0,0.5333333333333333,0.0,0.06666666666666667,0.0,0.0,0.06666666666666667,0.0,0.06666666666666667,-189.277
0.25,0.0,0.0,0.0,0.0,0.0,0.0,0.08333333333333333,0.0,0.16666666666666666,0.0,0.0,0.08333333333333333,0.08333333333333333,0.0,0.16666666666666666,0.0,0.0,0.08333333333333333,0.08333333333333333,-189.261
0.13043478260869565,0.0,0.13043478260869565,0.0,0.0,0.043478260869565216,0.043478260869565216,0.08695652173913043,0.0,0.043478260869565216,0.08695652173913043,0.043478260869565216,0.0,0.08695652173913043,0.043478260869565216,0.13043478260869565,0.0,0.043478260869565216,0.043478260869565216,0.043478260869565216,-189.087
0.0,0.0,0.0,0.1,0.3,0.1,0.0,0.0,0.0,0.3,0.0,0.0,0.0,0.1,0.0,0.1,0.0,0.0,0.0,0.0,-189.027
0.17647058823529413,0.0,0.058823529411764705,0.0,0.11764705882352941,0.11764705882352941,0.058823529411764705,0.0,0.11764705882352941,0.058823529411764705,0.058823529411764705,0.0,0.058823529411764705,0.0,0.058823529411764705,0.11764705882352941,0.0,0.0,0.0,0.0,-188.918
0.0,0.0,0.0,0.0,0.0,0.09090909090909091,0.18181818181818182,0.0,0.0,0.0,0.0,0.0,0.45454545454545453,0.09090909090909091,0.09090909090909091,0.09090909090909091,0.0,0.0,0.0,0.0,-188.224
0.1,0.0,0.0,0.0,0.1,0.1,0.0,0.1,0.0,0.0,0.1,0.0,0.2,0.0,0.0,0.0,0.2,0.0,0.0,0.1,-188.061
0.0,0.0,0.0,0.0,0.0,0.0,0.0,0.0,0.0,0.0,0.0,0.0,0.875,0.0,0.0,0.0,0.0,0.0,0.0,0.125,-188.021
0.08,0.0,0.04,0.0,0.0,0.32,0.04,0.0,0.04,0.0,0.0,0.0,0.24,0.0,0.08,0.04,0.08,0.04,0.0,0.0,-187.847
0.058823529411764705,0.0,0.0,0.0,0.0,0.23529411764705882,0.0,0.0,0.0,0.058823529411764705,0.058823529411764705,0.0,0.4117647058823529,0.0,0.058823529411764705,0.11764705882352941,0.0,0.0,0.0,0.0,-187.298
0.038461538461538464,0.0,0.038461538461538464,0.0,0.0,0.3076923076923077,0.0,0.0,0.07692307692307693,0.0,0.0,0.0,0.2692307692307692,0.07692307692307693,0.11538461538461539,0.0,0.038461538461538464,0.038461538461538464,0.0,0.0,-187.235
0.08333333333333333,0.0,0.0,0.0,0.08333333333333333,0.25,0.08333333333333333,0.08333333333333333,0.08333333333333333,0.08333333333333333,0.0,0.16666666666666666,0.08333333333333333,0.0,0.0,0.0,0.0,0.0,0.0,0.0,-186.73
0.0625,0.0,0.0,0.0,0.0,0.15625,0.0,0.03125,0.09375,0.15625,0.0,0.03125,0.125,0.0625,0.03125,0.125,0.09375,0.03125,0.0,0.0,-186.407
0.0,0.0,0.0,0.1,0.1,0.0,0.0,0.0,0.2,0.2,0.0,0.0,0.1,0.2,0.1,0.0,0.0,0.0,0.0,0.0,-185.382
0.16666666666666666,0.0,0.0,0.08333333333333333,0.0,0.08333333333333333,0.0,0.0,0.16666666666666666,0.08333333333333333,0.0,0.0,0.0,0.08333333333333333,0.0,0.16666666666666666,0.0,0.08333333333333333,0.08333333333333333,0.0,-185.127
0.08333333333333333,0.08333333333333333,0.0,0.0,0.0,0.08333333333333333,0.0,0.0,0.0,0.0,0.0,0.0,0.08333333333333333,0.08333333333333333,0.0,0.25,0.16666666666666666,0.08333333333333333,0.08333333333333333,0.0,-185.083
0.043478260869565216,0.0,0.043478260869565216,0.0,0.0,0.08695652173913043,0.043478260869565216,0.0,0.043478260869565216,0.13043478260869565,0.0,0.0,0.17391304347826086,0.08695652173913043,0.043478260869565216,0.17391304347826086,0.043478260869565216,0.08695652173913043,0.0,0.0,-184.339
0.0,0.0,0.0,0.0,0.0,0.08333333333333333,0.0,0.0,0.08333333333333333,0.16666666666666666,0.0,0.08333333333333333,0.08333333333333333,0.0,0.0,0.16666666666666666,0.25,0.08333333333333333,0.0,0.0,-184.091
0.0,0.0,0.0,0.0,0.0,0.18181818181818182,0.0,0.0,0.0,0.09090909090909091,0.0,0.09090909090909091,0.2727272727272727,0.09090909090909091,0.18181818181818182,0.09090909090909091,0.0,0.0,0.0,0.0,-184.07
0.18181818181818182,0.0,0.0,0.0,0.0,0.09090909090909091,0.09090909090909091,0.0,0.0,0.0,0.18181818181818182,0.0,0.0,0.0,0.09090909090909091,0.18181818181818182,0.09090909090909091,0.0,0.0,0.09090909090909091,-183.986
0.0,0.0,0.1,0.1,0.2,0.0,0.0,0.1,0.0,0.0,0.0,0.2,0.0,0.0,0.1,0.1,0.0,0.1,0.0,0.0,-183.9
0.0,0.0,0.09090909090909091,0.09090909090909091,0.09090909090909091,0.09090909090909091,0.0,0.0,0.09090909090909091,0.0,0.0,0.0,0.2727272727272727,0.09090909090909091,0.0,0.0,0.0,0.0,0.09090909090909091,0.09090909090909091,-183.594
0.07692307692307693,0.0,0.15384615384615385,0.15384615384615385,0.0,0.0,0.07692307692307693,0.07692307692307693,0.0,0.0,0.0,0.15384615384615385,0.0,0.07692307692307693,0.07692307692307693,0.07692307692307693,0.0,0.0,0.0,0.07692307692307693,-183.433
0.42424242424242425,0.0,0.0,0.0,0.0,0.0,0.0,0.0,0.0,0.030303030303030304,0.0,0.0,0.48484848484848486,0.0,0.0,0.030303030303030304,0.030303030303030304,0.0,0.0,0.0,-182.791
0.0,0.0,0.0,0.0,0.0,0.0,0.0,0.0,0.0,0.0,0.0,0.0,0.2727272727272727,0.45454545454545453,0.0,0.0,0.0,0.0,0.0,0.2727272727272727,-182.496
0.03571428571428571,0.03571428571428571,0.10714285714285714,0.03571428571428571,0.03571428571428571,0.03571428571428571,0.0,0.03571428571428571,0.03571428571428571,0.03571428571428571,0.03571428571428571,0.07142857142857142,0.07142857142857142,0.03571428571428571,0.0,0.10714285714285714,0.17857142857142858,0.10714285714285714,0.0,0.0,-182.093
0.041666666666666664,0.0,0.041666666666666664,0.0,0.0,0.3333333333333333,0.0,0.041666666666666664,0.041666666666666664,0.041666666666666664,0.0,0.0,0.2916666666666667,0.0,0.0,0.041666666666666664,0.08333333333333333,0.041666666666666664,0.0,0.0,-181.982
0.0,0.0,0.0,0.0,0.1111111111111111,0.0,0.0,0.1111111111111111,0.1111111111111111,0.1111111111111111,0.0,0.0,0.2222222222222222,0.2222222222222222,0.0,0.0,0.0,0.0,0.0,0.1111111111111111,-181.835
0.0,0.0,0.0,0.0,0.0,0.22727272727272727,0.0,0.0,0.045454545454545456,0.0,0.0,0.0,0.5,0.18181818181818182,0.045454545454545456,0.0,0.0,0.0,0.0,0.0,-181.732
0.10526315789473684,0.0,0.05263157894736842,0.05263157894736842,0.0,0.3157894736842105,0.0,0.0,0.05263157894736842,0.0,0.0,0.0,0.21052631578947367,0.0,0.05263157894736842,0.05263157894736842,0.05263157894736842,0.05263157894736842,0.0,0.0,-181.622
0.13043478260869565,0.0,0.0,0.043478260869565216,0.043478260869565216,0.043478260869565216,0.043478260869565216,0.0,0.0,0.0,0.043478260869565216,0.0,0.2608695652173913,0.0,0.0,0.2608695652173913,0.13043478260869565,0.0,0.0,0.0,-181.345
0.21428571428571427,0.07142857142857142,0.0,0.0,0.0,0.0,0.14285714285714285,0.0,0.07142857142857142,0.14285714285714285,0.0,0.0,0.07142857142857142,0.0,0.07142857142857142,0.07142857142857142,0.07142857142857142,0.07142857142857142,0.0,0.0,-180.848
0.06451612903225806,0.0,0.0,0.06451612903225806,0.0,0.3225806451612903,0.0,0.0,0.03225806451612903,0.03225806451612903,0.03225806451612903,0.0,0.2903225806451613,0.03225806451612903,0.03225806451612903,0.0967741935483871,0.0,0.0,0.0,0.0,-180.707
0.06896551724137931,0.0,0.0,0.0,0.0,0.20689655172413793,0.0,0.0,0.06896551724137931,0.0,0.0,0.034482758620689655,0.4482758620689655,0.1724137931034483,0.0,0.0,0.0,0.0,0.0,0.0,-180.704
0.0,0.0,0.0,0.0,0.0,0.25,0.0,0.0,0.0,0.0,0.0,0.0,0.4166666666666667,0.08333333333333333,0.16666666666666666,0.08333333333333333,0.0,0.0,0.0,0.0,-180.457
0.0,0.09090909090909091,0.09090909090909091,0.09090909090909091,0.0,0.09090909090909091,0.09090909090909091,0.0,0.0,0.09090909090909091,0.0,0.0,0.0,0.0,0.0,0.36363636363636365,0.09090909090909091,0.0,0.0,0.0,-180.001
0.0,0.0,0.0,0.0,0.0,0.1111111111111111,0.0,0.0,0.0,0.0,0.0,0.0,0.6666666666666666,0.0,0.2222222222222222,0.0,0.0,0.0,0.0,0.0,-179.359
0.0,0.0,0.07692307692307693,0.0,0.0,0.11538461538461539,0.038461538461538464,0.0,0.0,0.038461538461538464,0.0,0.0,0.6538461538461539,0.038461538461538464,0.0,0.038461538461538464,0.0,0.0,0.0,0.0,-179.242
0.16666666666666666,0.0,0.0,0.08333333333333333,0.08333333333333333,0.08333333333333333,0.0,0.0,0.08333333333333333,0.08333333333333333,0.0,0.0,0.25,0.0,0.08333333333333333,0.0,0.08333333333333333,0.0,0.0,0.0,-179.079
0.05,0.05,0.0,0.05,0.05,0.1,0.0,0.0,0.05,0.0,0.0,0.05,0.2,0.05,0.05,0.15,0.05,0.05,0.0,0.05,-178.444
0.18181818181818182,0.09090909090909091,0.0,0.0,0.09090909090909091,0.0,0.09090909090909091,0.0,0.0,0.09090909090909091,0.09090909090909091,0.0,0.0,0.0,0.0,0.0,0.09090909090909091,0.18181818181818182,0.0,0.09090909090909091,-178.183
0.0,0.0,0.0,0.0,0.0,0.1111111111111111,0.0,0.1111111111111111,0.0,0.0,0.1111111111111111,0.0,0.1111111111111111,0.0,0.0,0.0,0.2222222222222222,0.2222222222222222,0.0,0.1111111111111111,-178.061
0.0,0.0,0.0,0.0,0.0,0.15384615384615385,0.0,0.0,0.0,0.0,0.0,0.0,0.6153846153846154,0.0,0.07692307692307693,0.0,0.0,0.07692307692307693,0.0,0.07692307692307693,-178.049
0.07692307692307693,0.0,0.0,0.0,0.0,0.07692307692307693,0.07692307692307693,0.0,0.15384615384615385,0.15384615384615385,0.07692307692307693,0.0,0.07692307692307693,0.0,0.07692307692307693,0.07692307692307693,0.07692307692307693,0.07692307692307693,0.0,0.0,-177.914
0.09302325581395349,0.0,0.023255813953488372,0.09302325581395349,0.023255813953488372,0.32558139534883723,0.0,0.0,0.023255813953488372,0.023255813953488372,0.0,0.0,0.20930232558139536,0.046511627906976744,0.06976744186046512,0.023255813953488372,0.0,0.046511627906976744,0.0,0.0,-177.843
0.08333333333333333,0.0,0.0,0.08333333333333333,0.08333333333333333,0.08333333333333333,0.0,0.0,0.08333333333333333,0.0,0.0,0.0,0.4166666666666667,0.08333333333333333,0.0,0.08333333333333333,0.0,0.0,0.0,0.0,-177.641
0.09090909090909091,0.0,0.0,0.2727272727272727,0.0,0.0,0.09090909090909091,0.0,0.0,0.09090909090909091,0.0,0.0,0.18181818181818182,0.0,0.09090909090909091,0.0,0.0,0.18181818181818182,0.0,0.0,-177.641
0.0,0.0,0.0,0.0,0.125,0.0,0.0,0.0,0.0,0.0,0.0,0.0,0.25,0.125,0.125,0.25,0.125,0.0,0.0,0.0,-177.372
0.18181818181818182,0.0,0.0,0.09090909090909091,0.09090909090909091,0.0,0.09090909090909091,0.18181818181818182,0.09090909090909091,0.09090909090909091,0.0,0.0,0.09090909090909091,0.0,0.0,0.09090909090909091,0.0,0.0,0.0,0.0,-176.91
0.125,0.125,0.0,0.0,0.0,0.125,0.125,0.0,0.0,0.0,0.0,0.0,0.0,0.0,0.0,0.125,0.25,0.0,0.125,0.0,-176.339
0.0,0.0,0.0,0.0,0.0,0.1,0.0,0.0,0.1,0.0,0.0,0.0,0.7,0.1,0.0,0.0,0.0,0.0,0.0,0.0,-176.111
0.0,0.0,0.0,0.0,0.0,0.3333333333333333,0.1111111111111111,0.0,0.0,0.0,0.0,0.0,0.5555555555555556,0.0,0.0,0.0,0.0,0.0,0.0,0.0,-176.109
0.07692307692307693,0.15384615384615385,0.0,0.07692307692307693,0.0,0.0,0.0,0.0,0.15384615384615385,0.15384615384615385,0.07692307692307693,0.07692307692307693,0.07692307692307693,0.0,0.0,0.07692307692307693,0.0,0.07692307692307693,0.0,0.0,-175.733
0.14285714285714285,0.07142857142857142,0.07142857142857142,0.0,0.07142857142857142,0.14285714285714285,0.0,0.0,0.0,0.14285714285714285,0.0,0.07142857142857142,0.21428571428571427,0.0,0.0,0.07142857142857142,0.0,0.0,0.0,0.0,-175.64
0.06666666666666667,0.0,0.0,0.0,0.0,0.26666666666666666,0.06666666666666667,0.06666666666666667,0.0,0.0,0.0,0.0,0.26666666666666666,0.06666666666666667,0.0,0.06666666666666667,0.06666666666666667,0.0,0.0,0.06666666666666667,-175.605
0.08333333333333333,0.0,0.08333333333333333,0.08333333333333333,0.0,0.0,0.0,0.0,0.08333333333333333,0.0,0.08333333333333333,0.16666666666666666,0.0,0.08333333333333333,0.0,0.0,0.0,0.16666666666666666,0.0,0.16666666666666666,-175.245
0.16666666666666666,0.0,0.08333333333333333,0.0,0.0,0.08333333333333333,0.0,0.08333333333333333,0.0,0.0,0.0,0.16666666666666666,0.08333333333333333,0.0,0.16666666666666666,0.0,0.08333333333333333,0.08333333333333333,0.0,0.0,-175.118
0.07692307692307693,0.07692307692307693,0.07692307692307693,0.0,0.07692307692307693,0.23076923076923078,0.0,0.07692307692307693,0.07692307692307693,0.0,0.0,0.0,0.07692307692307693,0.0,0.15384615384615385,0.07692307692307693,0.0,0.0,0.0,0.0,-174.74
0.07692307692307693,0.0,0.0,0.0,0.0,0.0,0.0,0.0,0.0,0.23076923076923078,0.0,0.0,0.38461538461538464,0.0,0.07692307692307693,0.07692307692307693,0.07692307692307693,0.07692307692307693,0.0,0.0,-174.54
0.18181818181818182,0.0,0.0,0.0,0.0,0.09090909090909091,0.0,0.0,0.0,0.0,0.0,0.0,0.6363636363636364,0.0,0.0,0.09090909090909091,0.0,0.0,0.0,0.0,-174.486
0.0,0.0,0.0,0.0,0.0,0.0,0.09090909090909091,0.0,0.09090909090909091,0.45454545454545453,0.0,0.09090909090909091,0.0,0.09090909090909091,0.0,0.18181818181818182,0.0,0.0,0.0,0.0,-174.27
0.13333333333333333,0.0,0.0,0.0,0.0,0.06666666666666667,0.0,0.06666666666666667,0.06666666666666667,0.06666666666666667,0.0,0.0,0.3333333333333333,0.06666666666666667,0.0,0.0,0.13333333333333333,0.06666666666666667,0.0,0.0,-174.188
0.05263157894736842,0.05263157894736842,0.0,0.05263157894736842,0.0,0.10526315789473684,0.0,0.0,0.05263157894736842,0.05263157894736842,0.0,0.0,0.10526315789473684,0.05263157894736842,0.05263157894736842,0.2631578947368421,0.05263157894736842,0.10526315789473684,0.0,0.0,-173.47
0.15384615384615385,0.0,0.0,0.0,0.0,0.07692307692307693,0.0,0.0,0.07692307692307693,0.0,0.0,0.0,0.23076923076923078,0.0,0.15384615384615385,0.23076923076923078,0.07692307692307693,0.0,0.0,0.0,-173.449
0.045454545454545456,0.0,0.045454545454545456,0.0,0.0,0.3181818181818182,0.0,0.0,0.09090909090909091,0.045454545454545456,0.0,0.045454545454545456,0.2727272727272727,0.0,0.0,0.045454545454545456,0.045454545454545456,0.045454545454545456,0.0,0.0,-173.296
0.07142857142857142,0.0,0.0,0.0,0.0,0.21428571428571427,0.0,0.0,0.0,0.07142857142857142,0.07142857142857142,0.0,0.35714285714285715,0.07142857142857142,0.0,0.14285714285714285,0.0,0.0,0.0,0.0,-173.033
0.07142857142857142,0.0,0.0,0.21428571428571427,0.07142857142857142,0.0,0.07142857142857142,0.0,0.0,0.07142857142857142,0.0,0.07142857142857142,0.14285714285714285,0.0,0.07142857142857142,0.0,0.0,0.14285714285714285,0.0,0.07142857142857142,-172.786
0.16666666666666666,0.0,0.0,0.16666666666666666,0.08333333333333333,0.0,0.0,0.0,0.0,0.0,0.0,0.08333333333333333,0.0,0.25,0.0,0.16666666666666666,0.0,0.0,0.0,0.08333333333333333,-172.109
0.08695652173913043,0.043478260869565216,0.13043478260869565,0.0,0.0,0.08695652173913043,0.0,0.0,0.08695652173913043,0.13043478260869565,0.0,0.08695652173913043,0.0,0.13043478260869565,0.043478260869565216,0.13043478260869565,0.0,0.0,0.0,0.043478260869565216,-171.911
0.0,0.0,0.0,0.0,0.0,0.2222222222222222,0.0,0.0,0.0,0.0,0.0,0.0,0.5555555555555556,0.0,0.1111111111111111,0.1111111111111111,0.0,0.0,0.0,0.0,-171.66
0.09090909090909091,0.09090909090909091,0.0,0.09090909090909091,0.0,0.18181818181818182,0.0,0.18181818181818182,0.09090909090909091,0.09090909090909091,0.18181818181818182,0.0,0.0,0.0,0.0,0.0,0.0,0.0,0.0,0.0,-171.453
0.07692307692307693,0.0,0.0,0.0,0.0,0.07692307692307693,0.0,0.0,0.0,0.0,0.0,0.0,0.5384615384615384,0.07692307692307693,0.0,0.15384615384615385,0.0,0.07692307692307693,0.0,0.0,-171.113
0.0,0.0,0.0,0.0,0.125,0.125,0.0,0.125,0.0,0.0,0.0,0.0,0.625,0.0,0.0,0.0,0.0,0.0,0.0,0.0,-170.92
0.16666666666666666,0.0,0.0,0.0,0.0,0.0,0.0,0.0,0.0,0.0,0.0,0.0,0.5,0.08333333333333333,0.0,0.25,0.0,0.0,0.0,0.0,-168.902
0.0,0.0,0.0,0.0,0.0,0.16666666666666666,0.0,0.0,0.25,0.0,0.0,0.0,0.25,0.0,0.25,0.08333333333333333,0.0,0.0,0.0,0.0,-168.893
0.18181818181818182,0.09090909090909091,0.18181818181818182,0.0,0.0,0.18181818181818182,0.09090909090909091,0.0,0.0,0.09090909090909091,0.0,0.0,0.18181818181818182,0.0,0.0,0.0,0.0,0.0,0.0,0.0,-168.692
0.058823529411764705,0.0,0.0,0.0,0.0,0.17647058823529413,0.0,0.0,0.0,0.058823529411764705,0.0,0.058823529411764705,0.5294117647058824,0.11764705882352941,0.0,0.0,0.0,0.0,0.0,0.0,-168.339
0.09090909090909091,0.18181818181818182,0.0,0.0,0.0,0.0,0.09090909090909091,0.0,0.0,0.09090909090909091,0.0,0.0,0.18181818181818182,0.18181818181818182,0.0,0.09090909090909091,0.09090909090909091,0.0,0.0,0.0,-167.378
0.0,0.0,0.0,0.0625,0.0,0.25,0.0,0.0,0.0625,0.0,0.0,0.0,0.5,0.0625,0.0,0.0,0.0,0.0,0.0625,0.0,-167.378
0.19047619047619047,0.0,0.047619047619047616,0.047619047619047616,0.0,0.19047619047619047,0.0,0.0,0.0,0.047619047619047616,0.047619047619047616,0.0,0.14285714285714285,0.047619047619047616,0.09523809523809523,0.09523809523809523,0.047619047619047616,0.0,0.0,0.0,-167.013
0.0,0.0,0.0,0.18181818181818182,0.0,0.09090909090909091,0.09090909090909091,0.09090909090909091,0.0,0.18181818181818182,0.0,0.09090909090909091,0.09090909090909091,0.09090909090909091,0.09090909090909091,0.0,0.0,0.0,0.0,0.0,-166.583
0.0,0.09090909090909091,0.09090909090909091,0.0,0.0,0.0,0.0,0.0,0.0,0.0,0.0,0.0,0.5454545454545454,0.0,0.18181818181818182,0.09090909090909091,0.0,0.0,0.0,0.0,-166.151
0.15384615384615385,0.0,0.15384615384615385,0.07692307692307693,0.07692307692307693,0.07692307692307693,0.0,0.0,0.07692307692307693,0.07692307692307693,0.0,0.0,0.07692307692307693,0.0,0.07692307692307693,0.07692307692307693,0.0,0.07692307692307693,0.0,0.0,-165.792
0.1,0.0,0.0,0.1,0.0,0.0,0.0,0.2,0.1,0.0,0.0,0.0,0.2,0.0,0.1,0.1,0.0,0.0,0.0,0.1,-165.331
0.07142857142857142,0.0,0.07142857142857142,0.14285714285714285,0.14285714285714285,0.14285714285714285,0.0,0.0,0.0,0.0,0.0,0.14285714285714285,0.0,0.07142857142857142,0.07142857142857142,0.07142857142857142,0.0,0.07142857142857142,0.0,0.0,-164.226
0.07142857142857142,0.0,0.07142857142857142,0.14285714285714285,0.14285714285714285,0.14285714285714285,0.0,0.0,0.0,0.0,0.0,0.14285714285714285,0.0,0.07142857142857142,0.07142857142857142,0.07142857142857142,0.0,0.07142857142857142,0.0,0.0,-164.226
0.0,0.0,0.0,0.0,0.1,0.2,0.0,0.1,0.0,0.0,0.0,0.0,0.6,0.0,0.0,0.0,0.0,0.0,0.0,0.0,-164.214
0.16666666666666666,0.0,0.0,0.08333333333333333,0.08333333333333333,0.08333333333333333,0.0,0.08333333333333333,0.0,0.25,0.0,0.0,0.08333333333333333,0.0,0.0,0.08333333333333333,0.08333333333333333,0.0,0.0,0.0,-163.998
0.0,0.0,0.0,0.0,0.0,0.36363636363636365,0.0,0.0,0.0,0.0,0.09090909090909091,0.0,0.36363636363636365,0.0,0.0,0.0,0.09090909090909091,0.09090909090909091,0.0,0.0,-163.513
0.0,0.0,0.0,0.0,0.0,0.1111111111111111,0.0,0.1111111111111111,0.0,0.0,0.0,0.0,0.6666666666666666,0.0,0.1111111111111111,0.0,0.0,0.0,0.0,0.0,-162.985
0.13333333333333333,0.0,0.06666666666666667,0.06666666666666667,0.06666666666666667,0.0,0.0,0.06666666666666667,0.13333333333333333,0.13333333333333333,0.0,0.06666666666666667,0.0,0.0,0.06666666666666667,0.06666666666666667,0.06666666666666667,0.06666666666666667,0.0,0.0,-162.788
0.08333333333333333,0.0,0.08333333333333333,0.0,0.0,0.08333333333333333,0.0,0.08333333333333333,0.08333333333333333,0.16666666666666666,0.0,0.0,0.0,0.0,0.16666666666666666,0.08333333333333333,0.16666666666666666,0.0,0.0,0.0,-162.551
0.08333333333333333,0.0,0.0,0.16666666666666666,0.0,0.08333333333333333,0.08333333333333333,0.0,0.16666666666666666,0.16666666666666666,0.0,0.0,0.0,0.0,0.0,0.0,0.08333333333333333,0.08333333333333333,0.0,0.08333333333333333,-161.965
0.25,0.16666666666666666,0.0,0.08333333333333333,0.0,0.0,0.0,0.0,0.0,0.0,0.0,0.0,0.08333333333333333,0.0,0.08333333333333333,0.08333333333333333,0.0,0.25,0.0,0.0,-161.698
0.13333333333333333,0.0,0.0,0.0,0.0,0.0,0.0,0.06666666666666667,0.06666666666666667,0.2,0.0,0.06666666666666667,0.2,0.0,0.0,0.2,0.06666666666666667,0.0,0.0,0.0,-161.661
0.0,0.08333333333333333,0.0,0.25,0.08333333333333333,0.16666666666666666,0.0,0.16666666666666666,0.0,0.0,0.0,0.0,0.0,0.08333333333333333,0.0,0.0,0.0,0.16666666666666666,0.0,0.0,-161.34
0.0,0.07142857142857142,0.07142857142857142,0.07142857142857142,0.07142857142857142,0.21428571428571427,0.0,0.07142857142857142,0.07142857142857142,0.07142857142857142,0.0,0.0,0.0,0.0,0.07142857142857142,0.14285714285714285,0.0,0.07142857142857142,0.0,0.0,-161.242
0.16666666666666666,0.0,0.125,0.125,0.041666666666666664,0.041666666666666664,0.0,0.041666666666666664,0.125,0.08333333333333333,0.0,0.041666666666666664,0.041666666666666664,0.0,0.041666666666666664,0.08333333333333333,0.0,0.041666666666666664,0.0,0.0,-160.854
0.0,0.0,0.15384615384615385,0.0,0.0,0.23076923076923078,0.0,0.15384615384615385,0.0,0.0,0.0,0.0,0.07692307692307693,0.0,0.07692307692307693,0.07692307692307693,0.0,0.23076923076923078,0.0,0.0,-160.732
0.15384615384615385,0.07692307692307693,0.07692307692307693,0.0,0.07692307692307693,0.15384615384615385,0.0,0.0,0.0,0.15384615384615385,0.0,0.07692307692307693,0.15384615384615385,0.0,0.0,0.07692307692307693,0.0,0.0,0.0,0.0,-160.449
0.045454545454545456,0.0,0.09090909090909091,0.045454545454545456,0.0,0.36363636363636365,0.0,0.09090909090909091,0.09090909090909091,0.0,0.0,0.0,0.22727272727272727,0.0,0.0,0.045454545454545456,0.0,0.0,0.0,0.0,-160.108
0.0,0.0,0.0,0.0,0.0,0.1,0.0,0.0,0.0,0.0,0.0,0.1,0.8,0.0,0.0,0.0,0.0,0.0,0.0,0.0,-159.931
0.1,0.0,0.0,0.0,0.0,0.0,0.0,0.0,0.2,0.2,0.0,0.0,0.2,0.0,0.0,0.1,0.0,0.2,0.0,0.0,-159.844
0.23529411764705882,0.058823529411764705,0.058823529411764705,0.0,0.058823529411764705,0.058823529411764705,0.0,0.0,0.0,0.11764705882352941,0.0,0.0,0.0,0.11764705882352941,0.0,0.11764705882352941,0.11764705882352941,0.058823529411764705,0.0,0.0,-159.764
0.08333333333333333,0.0,0.0,0.25,0.0,0.0,0.08333333333333333,0.0,0.0,0.08333333333333333,0.0,0.08333333333333333,0.16666666666666666,0.0,0.08333333333333333,0.0,0.0,0.16666666666666666,0.0,0.0,-159.556
0.0,0.0,0.0,0.06666666666666667,0.0,0.06666666666666667,0.0,0.13333333333333333,0.06666666666666667,0.0,0.0,0.13333333333333333,0.0,0.06666666666666667,0.0,0.13333333333333333,0.2,0.13333333333333333,0.0,0.0,-159.491
0.0,0.0,0.0,0.1,0.0,0.0,0.0,0.0,0.1,0.1,0.1,0.1,0.1,0.0,0.0,0.2,0.1,0.1,0.0,0.0,-159.116
0.1,0.1,0.0,0.0,0.0,0.0,0.0,0.0,0.1,0.1,0.0,0.0,0.1,0.1,0.1,0.1,0.1,0.1,0.0,0.0,-159.07
0.25,0.0,0.0,0.08333333333333333,0.0,0.08333333333333333,0.0,0.0,0.0,0.0,0.08333333333333333,0.0,0.08333333333333333,0.0,0.08333333333333333,0.0,0.08333333333333333,0.16666666666666666,0.0,0.08333333333333333,-158.884
0.0,0.0,0.09090909090909091,0.0,0.09090909090909091,0.0,0.0,0.09090909090909091,0.09090909090909091,0.0,0.0,0.18181818181818182,0.18181818181818182,0.0,0.09090909090909091,0.09090909090909091,0.0,0.09090909090909091,0.0,0.0,-158.852
0.16666666666666666,0.08333333333333333,0.0,0.0,0.0,0.0,0.0,0.08333333333333333,0.0,0.16666666666666666,0.0,0.0,0.25,0.0,0.08333333333333333,0.08333333333333333,0.08333333333333333,0.0,0.0,0.0,-158.637
0.18181818181818182,0.0,0.0,0.0,0.0,0.09090909090909091,0.0,0.0,0.0,0.18181818181818182,0.0,0.09090909090909091,0.2727272727272727,0.0,0.0,0.18181818181818182,0.0,0.0,0.0,0.0,-158.373
0.15384615384615385,0.07692307692307693,0.07692307692307693,0.0,0.0,0.0,0.0,0.0,0.15384615384615385,0.15384615384615385,0.0,0.0,0.15384615384615385,0.0,0.07692307692307693,0.07692307692307693,0.07692307692307693,0.0,0.0,0.0,-157.364
0.0,0.0,0.0,0.16666666666666666,0.0,0.08333333333333333,0.08333333333333333,0.0,0.0,0.08333333333333333,0.0,0.0,0.08333333333333333,0.0,0.08333333333333333,0.25,0.08333333333333333,0.08333333333333333,0.0,0.0,-157.35
0.0,0.0,0.14285714285714285,0.047619047619047616,0.047619047619047616,0.0,0.0,0.047619047619047616,0.23809523809523808,0.0,0.09523809523809523,0.09523809523809523,0.09523809523809523,0.047619047619047616,0.0,0.047619047619047616,0.0,0.09523809523809523,0.0,0.0,-156.969
0.0,0.0,0.0,0.0,0.0,0.2,0.0,0.1,0.0,0.0,0.0,0.0,0.6,0.0,0.1,0.0,0.0,0.0,0.0,0.0,-156.863
0.0,0.0,0.0,0.0,0.0,0.0,0.0,0.0,0.0,0.0,0.0,0.0,0.7777777777777778,0.0,0.0,0.0,0.0,0.1111111111111111,0.0,0.1111111111111111,-156.459
0.0,0.09090909090909091,0.0,0.2727272727272727,0.0,0.0,0.0,0.0,0.18181818181818182,0.0,0.0,0.0,0.18181818181818182,0.0,0.0,0.0,0.0,0.18181818181818182,0.0,0.09090909090909091,-155.809
0.2,0.0,0.0,0.0,0.0,0.1,0.0,0.1,0.0,0.1,0.1,0.0,0.1,0.0,0.1,0.0,0.2,0.0,0.0,0.0,-155.329
0.1,0.0,0.0,0.0,0.0,0.0,0.0,0.0,0.2,0.1,0.1,0.0,0.1,0.0,0.1,0.1,0.1,0.1,0.0,0.0,-154.852
0.07142857142857142,0.0,0.0,0.14285714285714285,0.0,0.0,0.0,0.07142857142857142,0.21428571428571427,0.07142857142857142,0.0,0.07142857142857142,0.07142857142857142,0.0,0.0,0.07142857142857142,0.14285714285714285,0.07142857142857142,0.0,0.0,-152.684
0.21428571428571427,0.0,0.0,0.0,0.0,0.35714285714285715,0.0,0.0,0.0,0.0,0.0,0.07142857142857142,0.07142857142857142,0.0,0.0,0.14285714285714285,0.14285714285714285,0.0,0.0,0.0,-152.459
0.0,0.0,0.0,0.0,0.0,0.125,0.0,0.125,0.0,0.0,0.125,0.0,0.625,0.0,0.0,0.0,0.0,0.0,0.0,0.0,-152.041
0.0,0.0,0.0,0.14285714285714285,0.0,0.0,0.0,0.0,0.0,0.14285714285714285,0.0,0.0,0.5714285714285714,0.0,0.14285714285714285,0.0,0.0,0.0,0.0,0.0,-151.327
0.2727272727272727,0.0,0.09090909090909091,0.0,0.0,0.0,0.0,0.0,0.18181818181818182,0.0,0.0,0.0,0.36363636363636365,0.0,0.0,0.09090909090909091,0.0,0.0,0.0,0.0,-151.166
0.15384615384615385,0.07692307692307693,0.07692307692307693,0.07692307692307693,0.0,0.0,0.0,0.07692307692307693,0.0,0.07692307692307693,0.07692307692307693,0.0,0.23076923076923078,0.0,0.0,0.0,0.07692307692307693,0.07692307692307693,0.0,0.0,-150.658
0.0,0.0,0.0,0.0,0.0,0.18181818181818182,0.0,0.0,0.09090909090909091,0.0,0.0,0.0,0.6363636363636364,0.09090909090909091,0.0,0.0,0.0,0.0,0.0,0.0,-150.423
0.0,0.0,0.0,0.0,0.0,0.125,0.0,0.125,0.0,0.125,0.0,0.0,0.25,0.125,0.0,0.0,0.0,0.25,0.0,0.0,-149.371
0.0,0.0,0.2727272727272727,0.0,0.0,0.09090909090909091,0.0,0.0,0.0,0.2727272727272727,0.0,0.0,0.09090909090909091,0.0,0.0,0.2727272727272727,0.0,0.0,0.0,0.0,-149.146
0.0,0.0,0.1111111111111111,0.0,0.0,0.2222222222222222,0.0,0.3333333333333333,0.1111111111111111,0.1111111111111111,0.0,0.0,0.1111111111111111,0.0,0.0,0.0,0.0,0.0,0.0,0.0,-149.137
0.0,0.0,0.1111111111111111,0.0,0.0,0.0,0.0,0.1111111111111111,0.0,0.0,0.0,0.0,0.3333333333333333,0.1111111111111111,0.0,0.1111111111111111,0.1111111111111111,0.1111111111111111,0.0,0.0,-149.087
0.19047619047619047,0.0,0.19047619047619047,0.047619047619047616,0.047619047619047616,0.047619047619047616,0.0,0.0,0.09523809523809523,0.09523809523809523,0.0,0.0,0.047619047619047616,0.0,0.047619047619047616,0.09523809523809523,0.0,0.09523809523809523,0.0,0.0,-148.415
0.06666666666666667,0.0,0.06666666666666667,0.26666666666666666,0.0,0.0,0.0,0.0,0.0,0.13333333333333333,0.0,0.06666666666666667,0.06666666666666667,0.06666666666666667,0.0,0.06666666666666667,0.06666666666666667,0.13333333333333333,0.0,0.0,-147.635
0.1875,0.0,0.1875,0.0625,0.0625,0.0625,0.0,0.0,0.125,0.0625,0.0,0.0,0.0625,0.0,0.0625,0.0625,0.0,0.0625,0.0,0.0,-146.772
0.2,0.0,0.2,0.05,0.05,0.05,0.0,0.0,0.1,0.1,0.0,0.0,0.05,0.0,0.0,0.1,0.0,0.1,0.0,0.0,-146.346
0.1,0.0,0.0,0.1,0.0,0.0,0.0,0.1,0.0,0.0,0.0,0.1,0.1,0.0,0.0,0.2,0.0,0.3,0.0,0.0,-146.091
0.08333333333333333,0.0,0.08333333333333333,0.3333333333333333,0.08333333333333333,0.0,0.0,0.08333333333333333,0.08333333333333333,0.0,0.0,0.0,0.0,0.0,0.08333333333333333,0.16666666666666666,0.0,0.0,0.0,0.0,-143.833
0.0,0.0,0.0,0.09090909090909091,0.0,0.09090909090909091,0.0,0.09090909090909091,0.18181818181818182,0.18181818181818182,0.0,0.18181818181818182,0.0,0.0,0.09090909090909091,0.09090909090909091,0.0,0.0,0.0,0.0,-142.424
0.1,0.0,0.0,0.0,0.0,0.2,0.0,0.1,0.0,0.0,0.0,0.0,0.5,0.0,0.0,0.0,0.1,0.0,0.0,0.0,-141.463
0.125,0.0,0.0,0.0,0.0,0.0,0.0,0.0,0.0,0.0,0.125,0.0,0.625,0.0,0.0,0.0,0.125,0.0,0.0,0.0,-139.847
0.0,0.0,0.0,0.0,0.0,0.5555555555555556,0.0,0.0,0.0,0.0,0.0,0.0,0.1111111111111111,0.0,0.0,0.2222222222222222,0.1111111111111111,0.0,0.0,0.0,-139.395
0.15384615384615385,0.0,0.0,0.23076923076923078,0.0,0.0,0.0,0.0,0.07692307692307693,0.07692307692307693,0.0,0.07692307692307693,0.07692307692307693,0.07692307692307693,0.0,0.07692307692307693,0.15384615384615385,0.0,0.0,0.0,-138.837
0.1111111111111111,0.0,0.1111111111111111,0.1111111111111111,0.0,0.1111111111111111,0.0,0.0,0.2222222222222222,0.1111111111111111,0.0,0.0,0.1111111111111111,0.0,0.0,0.0,0.1111111111111111,0.0,0.0,0.0,-126.482
0.0,0.0,0.0,0.0,0.0,0.5,0.0,0.125,0.0,0.0,0.125,0.0,0.0,0.0,0.0,0.125,0.125,0.0,0.0,0.0,-126.06
0.05,0.0,0.0,0.1,0.0,0.3,0.0,0.0,0.05,0.0,0.0,0.05,0.25,0.05,0.1,0.05,0.0,0.0,0.0,0.0,-179.933
0.07692307692307693,0.0,0.0,0.0,0.0,0.3076923076923077,0.07692307692307693,0.0,0.0,0.15384615384615385,0.0,0.0,0.07692307692307693,0.0,0.23076923076923078,0.0,0.07692307692307693,0.0,0.0,0.0,-177.708
0.0,0.0,0.0,0.1,0.0,0.0,0.0,0.0,0.2,0.2,0.0,0.1,0.0,0.0,0.2,0.1,0.0,0.1,0.0,0.0,-158.56
0.0,0.0,0.0,0.15384615384615385,0.0,0.15384615384615385,0.0,0.0,0.0,0.0,0.0,0.0,0.23076923076923078,0.0,0.0,0.3076923076923077,0.07692307692307693,0.07692307692307693,0.0,0.0,-153.721
0.1111111111111111,0.0,0.0,0.1111111111111111,0.037037037037037035,0.037037037037037035,0.0,0.037037037037037035,0.07407407407407407,0.0,0.07407407407407407,0.037037037037037035,0.07407407407407407,0.0,0.037037037037037035,0.1111111111111111,0.07407407407407407,0.14814814814814814,0.037037037037037035,0.0,-219.2
0.03333333333333333,0.0,0.03333333333333333,0.06666666666666667,0.03333333333333333,0.3333333333333333,0.0,0.0,0.03333333333333333,0.0,0.0,0.03333333333333333,0.2,0.13333333333333333,0.06666666666666667,0.03333333333333333,0.0,0.0,0.0,0.0,-201.77
0.0,0.0,0.0,0.125,0.125,0.0,0.0,0.0,0.0,0.125,0.0,0.0,0.375,0.0,0.0,0.0,0.125,0.0,0.0,0.125,-186.485
0.14285714285714285,0.0,0.07142857142857142,0.0,0.0,0.0,0.0,0.07142857142857142,0.0,0.35714285714285715,0.0,0.07142857142857142,0.07142857142857142,0.0,0.0,0.0,0.07142857142857142,0.07142857142857142,0.0,0.07142857142857142,-169.473
0.125,0.0,0.0,0.0,0.0,0.25,0.125,0.0,0.0,0.0,0.0,0.0625,0.1875,0.0,0.0625,0.0625,0.0,0.0625,0.0,0.0625,-217.076
0.09090909090909091,0.0,0.0,0.0,0.0,0.09090909090909091,0.0,0.0,0.0,0.09090909090909091,0.0,0.09090909090909091,0.5454545454545454,0.0,0.0,0.09090909090909091,0.0,0.0,0.0,0.0,-157.694
0.14285714285714285,0.0,0.09523809523809523,0.09523809523809523,0.047619047619047616,0.047619047619047616,0.0,0.047619047619047616,0.047619047619047616,0.0,0.0,0.0,0.14285714285714285,0.047619047619047616,0.0,0.047619047619047616,0.09523809523809523,0.047619047619047616,0.047619047619047616,0.047619047619047616,-186.682
0.045454545454545456,0.0,0.045454545454545456,0.045454545454545456,0.045454545454545456,0.18181818181818182,0.045454545454545456,0.045454545454545456,0.045454545454545456,0.13636363636363635,0.09090909090909091,0.045454545454545456,0.09090909090909091,0.0,0.0,0.045454545454545456,0.0,0.045454545454545456,0.0,0.045454545454545456,-181.564
0.0,0.0,0.06666666666666667,0.0,0.0,0.0,0.0,0.0,0.0,0.06666666666666667,0.0,0.0,0.5333333333333333,0.0,0.06666666666666667,0.26666666666666666,0.0,0.0,0.0,0.0,-176.259
0.0,0.0,0.0,0.11764705882352941,0.058823529411764705,0.11764705882352941,0.058823529411764705,0.0,0.0,0.0,0.11764705882352941,0.058823529411764705,0.11764705882352941,0.058823529411764705,0.058823529411764705,0.11764705882352941,0.0,0.058823529411764705,0.0,0.058823529411764705,-203.03
0.058823529411764705,0.058823529411764705,0.058823529411764705,0.0,0.0,0.29411764705882354,0.0,0.0,0.0,0.058823529411764705,0.0,0.058823529411764705,0.17647058823529413,0.058823529411764705,0.058823529411764705,0.0,0.058823529411764705,0.058823529411764705,0.0,0.0,-162.773
0.08333333333333333,0.0,0.08333333333333333,0.0,0.08333333333333333,0.08333333333333333,0.0,0.25,0.08333333333333333,0.0,0.0,0.08333333333333333,0.08333333333333333,0.0,0.0,0.0,0.08333333333333333,0.0,0.0,0.08333333333333333,-184.966
0.1111111111111111,0.0,0.0,0.0,0.0,0.1111111111111111,0.0,0.1111111111111111,0.1111111111111111,0.1111111111111111,0.1111111111111111,0.0,0.0,0.0,0.1111111111111111,0.1111111111111111,0.0,0.0,0.0,0.1111111111111111,-173.643
0.05,0.0,0.05,0.0,0.0,0.3,0.0,0.0,0.05,0.15,0.0,0.05,0.15,0.05,0.0,0.05,0.05,0.05,0.0,0.0,-169.829
0.11764705882352941,0.0,0.11764705882352941,0.058823529411764705,0.17647058823529413,0.058823529411764705,0.058823529411764705,0.0,0.0,0.0,0.0,0.058823529411764705,0.058823529411764705,0.0,0.0,0.11764705882352941,0.058823529411764705,0.0,0.058823529411764705,0.058823529411764705,-211.127
0.09090909090909091,0.0,0.0,0.0,0.0,0.09090909090909091,0.09090909090909091,0.18181818181818182,0.09090909090909091,0.18181818181818182,0.0,0.0,0.18181818181818182,0.0,0.09090909090909091,0.0,0.0,0.0,0.0,0.0,-173.52
0.0,0.0,0.07142857142857142,0.0,0.0,0.07142857142857142,0.0,0.0,0.0,0.0,0.0,0.0,0.21428571428571427,0.07142857142857142,0.14285714285714285,0.21428571428571427,0.07142857142857142,0.07142857142857142,0.07142857142857142,0.0,-195.021
0.0,0.25,0.0625,0.0,0.0,0.0,0.125,0.0625,0.0,0.0625,0.0,0.0625,0.125,0.0,0.0,0.125,0.0625,0.0,0.0,0.0625,-184.684
0.0,0.0,0.0,0.0,0.0625,0.0625,0.0625,0.0,0.1875,0.125,0.0625,0.1875,0.0,0.0,0.0,0.0625,0.0625,0.0625,0.0,0.0625,-187.538
0.08333333333333333,0.0,0.0,0.0,0.0,0.0,0.0,0.08333333333333333,0.16666666666666666,0.08333333333333333,0.25,0.0,0.08333333333333333,0.0,0.0,0.08333333333333333,0.0,0.16666666666666666,0.0,0.0,-171.034
0.125,0.0,0.0,0.125,0.0,0.0,0.0,0.0,0.0,0.0,0.0,0.0,0.25,0.0,0.0,0.0,0.25,0.0,0.0,0.25,-171.636
0.0,0.0,0.0,0.0,0.0,0.25,0.0,0.0,0.16666666666666666,0.08333333333333333,0.08333333333333333,0.0,0.0,0.08333333333333333,0.0,0.25,0.08333333333333333,0.0,0.0,0.0,-158.793
0.0,0.0,0.0,0.05263157894736842,0.0,0.05263157894736842,0.0,0.0,0.10526315789473684,0.0,0.0,0.10526315789473684,0.3684210526315789,0.0,0.05263157894736842,0.10526315789473684,0.05263157894736842,0.10526315789473684,0.0,0.0,-179.948
0.06666666666666667,0.06666666666666667,0.0,0.06666666666666667,0.0,0.13333333333333333,0.0,0.13333333333333333,0.2,0.0,0.06666666666666667,0.06666666666666667,0.0,0.0,0.06666666666666667,0.06666666666666667,0.0,0.06666666666666667,0.0,0.0,-170.383
0.034482758620689655,0.034482758620689655,0.0,0.06896551724137931,0.0,0.3103448275862069,0.034482758620689655,0.0,0.034482758620689655,0.034482758620689655,0.06896551724137931,0.0,0.06896551724137931,0.034482758620689655,0.034482758620689655,0.20689655172413793,0.0,0.034482758620689655,0.0,0.0,-185.923
0.0,0.0,0.0,0.08333333333333333,0.08333333333333333,0.0,0.08333333333333333,0.0,0.08333333333333333,0.08333333333333333,0.0,0.08333333333333333,0.08333333333333333,0.0,0.0,0.16666666666666666,0.0,0.0,0.0,0.25,-196.929
0.0,0.0,0.0,0.1,0.0,0.0,0.0,0.0,0.0,0.0,0.0,0.0,0.8,0.0,0.0,0.0,0.1,0.0,0.0,0.0,-150.529
0.05,0.0,0.0,0.0,0.0,0.15,0.05,0.0,0.0,0.05,0.1,0.0,0.2,0.05,0.1,0.15,0.05,0.05,0.0,0.0,-170.383
0.07142857142857142,0.0,0.21428571428571427,0.07142857142857142,0.07142857142857142,0.0,0.0,0.0,0.0,0.0,0.0,0.0,0.14285714285714285,0.07142857142857142,0.07142857142857142,0.14285714285714285,0.0,0.07142857142857142,0.0,0.07142857142857142,-183.12
0.0,0.0,0.05,0.1,0.0,0.05,0.0,0.0,0.0,0.0,0.0,0.0,0.6,0.05,0.0,0.15,0.0,0.0,0.0,0.0,-174.506
0.06451612903225806,0.06451612903225806,0.03225806451612903,0.03225806451612903,0.0,0.1935483870967742,0.0,0.0,0.06451612903225806,0.0967741935483871,0.0,0.03225806451612903,0.2903225806451613,0.03225806451612903,0.03225806451612903,0.0,0.06451612903225806,0.0,0.0,0.0,-177.224
0.1,0.0,0.0,0.0,0.0,0.1,0.0,0.1,0.0,0.0,0.0,0.1,0.2,0.2,0.0,0.0,0.1,0.1,0.0,0.0,-169.525
0.0,0.0,0.0,0.0,0.0,0.09090909090909091,0.0,0.0,0.0,0.09090909090909091,0.0,0.0,0.5454545454545454,0.0,0.0,0.18181818181818182,0.0,0.09090909090909091,0.0,0.0,-163.56
0.08333333333333333,0.0,0.0,0.0,0.16666666666666666,0.08333333333333333,0.16666666666666666,0.08333333333333333,0.08333333333333333,0.16666666666666666,0.0,0.0,0.0,0.0,0.08333333333333333,0.0,0.08333333333333333,0.0,0.0,0.0,-204.998
0.0,0.0,0.2,0.1,0.0,0.1,0.2,0.0,0.0,0.1,0.0,0.0,0.2,0.0,0.0,0.1,0.0,0.0,0.0,0.0,-172.33
0.0,0.0,0.0,0.0,0.0,0.25,0.16666666666666666,0.0,0.0,0.0,0.0,0.0,0.08333333333333333,0.0,0.08333333333333333,0.3333333333333333,0.08333333333333333,0.0,0.0,0.0,-192.415
0.0,0.0,0.1,0.0,0.0,0.1,0.0,0.0,0.0,0.3,0.0,0.2,0.0,0.1,0.0,0.1,0.0,0.0,0.0,0.1,-169.732
0.0,0.06666666666666667,0.0,0.0,0.0,0.13333333333333333,0.0,0.0,0.0,0.13333333333333333,0.0,0.06666666666666667,0.06666666666666667,0.06666666666666667,0.0,0.06666666666666667,0.13333333333333333,0.26666666666666666,0.0,0.0,-177.443
0.05263157894736842,0.0,0.0,0.05263157894736842,0.0,0.05263157894736842,0.0,0.15789473684210525,0.0,0.0,0.0,0.05263157894736842,0.3157894736842105,0.0,0.0,0.10526315789473684,0.10526315789473684,0.10526315789473684,0.0,0.0,-169.961
0.0,0.0,0.125,0.0,0.0,0.0,0.0,0.0,0.0,0.125,0.0,0.0,0.625,0.0,0.0,0.125,0.0,0.0,0.0,0.0,-147.314
0.04,0.0,0.0,0.08,0.08,0.16,0.04,0.04,0.12,0.08,0.04,0.0,0.04,0.0,0.04,0.08,0.08,0.04,0.0,0.04,-187.936
0.14285714285714285,0.07142857142857142,0.0,0.0,0.0,0.07142857142857142,0.0,0.07142857142857142,0.14285714285714285,0.07142857142857142,0.0,0.14285714285714285,0.07142857142857142,0.07142857142857142,0.0,0.0,0.07142857142857142,0.0,0.0,0.07142857142857142,-179.16
0.16666666666666666,0.0,0.0,0.08333333333333333,0.0,0.0,0.08333333333333333,0.0,0.0,0.16666666666666666,0.16666666666666666,0.08333333333333333,0.0,0.0,0.0,0.16666666666666666,0.0,0.08333333333333333,0.0,0.0,-168.733
0.0,0.0,0.1111111111111111,0.1111111111111111,0.1111111111111111,0.2222222222222222,0.0,0.0,0.0,0.1111111111111111,0.1111111111111111,0.0,0.1111111111111111,0.1111111111111111,0.0,0.0,0.0,0.0,0.0,0.0,-164.233
0.13333333333333333,0.0,0.0,0.06666666666666667,0.13333333333333333,0.0,0.0,0.0,0.06666666666666667,0.06666666666666667,0.0,0.0,0.13333333333333333,0.13333333333333333,0.06666666666666667,0.13333333333333333,0.0,0.06666666666666667,0.0,0.0,-214.408
0.08333333333333333,0.16666666666666666,0.25,0.0,0.08333333333333333,0.08333333333333333,0.08333333333333333,0.0,0.08333333333333333,0.0,0.0,0.0,0.08333333333333333,0.0,0.08333333333333333,0.0,0.0,0.0,0.0,0.0,-167.073
0.0,0.0,0.0,0.25,0.08333333333333333,0.08333333333333333,0.0,0.08333333333333333,0.08333333333333333,0.16666666666666666,0.08333333333333333,0.0,0.0,0.0,0.0,0.08333333333333333,0.0,0.0,0.0,0.08333333333333333,-161.241
0.058823529411764705,0.0,0.0,0.0,0.058823529411764705,0.058823529411764705,0.0,0.0,0.0,0.0,0.0,0.058823529411764705,0.23529411764705882,0.058823529411764705,0.11764705882352941,0.11764705882352941,0.11764705882352941,0.11764705882352941,0.0,0.0,-198.162
0.0,0.0,0.08333333333333333,0.0,0.0,0.08333333333333333,0.0,0.16666666666666666,0.0,0.16666666666666666,0.0,0.0,0.08333333333333333,0.0,0.08333333333333333,0.08333333333333333,0.08333333333333333,0.08333333333333333,0.0,0.08333333333333333,-177.744
0.0,0.0,0.2,0.0,0.0,0.1,0.0,0.0,0.1,0.0,0.0,0.0,0.1,0.0,0.2,0.2,0.0,0.0,0.1,0.0,-179.295
0.11764705882352941,0.0,0.058823529411764705,0.0,0.0,0.11764705882352941,0.0,0.0,0.0,0.058823529411764705,0.0,0.0,0.29411764705882354,0.0,0.058823529411764705,0.17647058823529413,0.11764705882352941,0.0,0.0,0.0,-161.477
0.0,0.0,0.0,0.1,0.0,0.2,0.0,0.2,0.1,0.1,0.1,0.0,0.0,0.0,0.1,0.0,0.0,0.1,0.0,0.0,-151.99
0.058823529411764705,0.058823529411764705,0.0,0.058823529411764705,0.058823529411764705,0.058823529411764705,0.0,0.058823529411764705,0.0,0.058823529411764705,0.0,0.058823529411764705,0.23529411764705882,0.11764705882352941,0.0,0.058823529411764705,0.0,0.058823529411764705,0.0,0.058823529411764705,-180.78
0.058823529411764705,0.0,0.058823529411764705,0.0,0.0,0.0,0.0,0.11764705882352941,0.058823529411764705,0.11764705882352941,0.0,0.0,0.0,0.058823529411764705,0.058823529411764705,0.23529411764705882,0.058823529411764705,0.11764705882352941,0.0,0.058823529411764705,-158.362
0.05,0.1,0.0,0.05,0.0,0.15,0.0,0.0,0.0,0.05,0.0,0.05,0.25,0.05,0.05,0.05,0.0,0.1,0.0,0.05,-175.179
0.07142857142857142,0.07142857142857142,0.0,0.03571428571428571,0.0,0.25,0.0,0.0,0.03571428571428571,0.03571428571428571,0.0,0.0,0.25,0.03571428571428571,0.03571428571428571,0.07142857142857142,0.0,0.07142857142857142,0.0,0.03571428571428571,-166.052
0.0,0.0,0.07692307692307693,0.07692307692307693,0.07692307692307693,0.07692307692307693,0.0,0.07692307692307693,0.0,0.0,0.07692307692307693,0.15384615384615385,0.15384615384615385,0.0,0.0,0.07692307692307693,0.07692307692307693,0.07692307692307693,0.0,0.0,-177.362
0.0,0.08333333333333333,0.08333333333333333,0.08333333333333333,0.0,0.0,0.0,0.08333333333333333,0.08333333333333333,0.16666666666666666,0.0,0.0,0.08333333333333333,0.08333333333333333,0.0,0.0,0.16666666666666666,0.08333333333333333,0.0,0.0,-146.804
0.0,0.0,0.0,0.1111111111111111,0.0,0.0,0.0,0.0,0.0,0.0,0.0,0.0,0.7777777777777778,0.0,0.1111111111111111,0.0,0.0,0.0,0.0,0.0,-164.322
0.0,0.0,0.11764705882352941,0.0,0.0,0.11764705882352941,0.0,0.0,0.0,0.11764705882352941,0.0,0.0,0.23529411764705882,0.0,0.11764705882352941,0.23529411764705882,0.058823529411764705,0.0,0.0,0.0,-181.816
0.08333333333333333,0.0,0.0,0.0,0.08333333333333333,0.08333333333333333,0.0,0.08333333333333333,0.08333333333333333,0.0,0.16666666666666666,0.0,0.08333333333333333,0.0,0.0,0.08333333333333333,0.16666666666666666,0.08333333333333333,0.0,0.0,-183.449
0.07142857142857142,0.0,0.0,0.0,0.0,0.21428571428571427,0.0,0.0,0.07142857142857142,0.07142857142857142,0.0,0.0,0.14285714285714285,0.0,0.0,0.21428571428571427,0.07142857142857142,0.14285714285714285,0.0,0.0,-145.4
0.0,0.0,0.1,0.0,0.0,0.2,0.0,0.1,0.1,0.1,0.0,0.0,0.2,0.0,0.0,0.0,0.1,0.1,0.0,0.0,-141.156
0.07692307692307693,0.15384615384615385,0.0,0.0,0.0,0.15384615384615385,0.0,0.0,0.07692307692307693,0.0,0.0,0.15384615384615385,0.07692307692307693,0.07692307692307693,0.0,0.15384615384615385,0.07692307692307693,0.0,0.0,0.0,-155.681
0.09090909090909091,0.0,0.0,0.0,0.0,0.36363636363636365,0.0,0.0,0.18181818181818182,0.09090909090909091,0.0,0.0,0.18181818181818182,0.0,0.0,0.09090909090909091,0.0,0.0,0.0,0.0,-153.744
0.0,0.0,0.08333333333333333,0.0,0.0,0.08333333333333333,0.0,0.08333333333333333,0.16666666666666666,0.0,0.0,0.0,0.08333333333333333,0.0,0.0,0.3333333333333333,0.0,0.08333333333333333,0.0,0.08333333333333333,-180.209
0.0,0.045454545454545456,0.045454545454545456,0.09090909090909091,0.045454545454545456,0.09090909090909091,0.0,0.045454545454545456,0.045454545454545456,0.045454545454545456,0.0,0.0,0.0,0.045454545454545456,0.09090909090909091,0.13636363636363635,0.09090909090909091,0.13636363636363635,0.045454545454545456,0.0,-183.083
0.0,0.0,0.0,0.11764705882352941,0.058823529411764705,0.058823529411764705,0.0,0.058823529411764705,0.0,0.0,0.058823529411764705,0.23529411764705882,0.058823529411764705,0.0,0.0,0.23529411764705882,0.058823529411764705,0.058823529411764705,0.0,0.0,-174.208
0.0,0.0,0.08333333333333333,0.08333333333333333,0.0,0.16666666666666666,0.0,0.08333333333333333,0.0,0.0,0.0,0.08333333333333333,0.08333333333333333,0.08333333333333333,0.0,0.0,0.08333333333333333,0.08333333333333333,0.16666666666666666,0.0,-215.008
0.045454545454545456,0.045454545454545456,0.0,0.09090909090909091,0.0,0.09090909090909091,0.0,0.09090909090909091,0.0,0.045454545454545456,0.0,0.13636363636363635,0.09090909090909091,0.0,0.045454545454545456,0.045454545454545456,0.18181818181818182,0.045454545454545456,0.045454545454545456,0.0,-177.743
0.0,0.09090909090909091,0.0,0.0,0.045454545454545456,0.09090909090909091,0.0,0.0,0.0,0.045454545454545456,0.0,0.0,0.22727272727272727,0.13636363636363635,0.0,0.3181818181818182,0.0,0.0,0.045454545454545456,0.0,-190.014
0.0,0.0,0.047619047619047616,0.047619047619047616,0.0,0.09523809523809523,0.047619047619047616,0.047619047619047616,0.047619047619047616,0.23809523809523808,0.0,0.047619047619047616,0.0,0.09523809523809523,0.047619047619047616,0.14285714285714285,0.047619047619047616,0.0,0.0,0.047619047619047616,-167.1
0.0,0.09523809523809523,0.0,0.0,0.047619047619047616,0.09523809523809523,0.0,0.0,0.0,0.047619047619047616,0.0,0.0,0.23809523809523808,0.14285714285714285,0.0,0.3333333333333333,0.0,0.0,0.0,0.0,-229.309
0.07692307692307693,0.0,0.0,0.07692307692307693,0.0,0.23076923076923078,0.0,0.07692307692307693,0.0,0.15384615384615385,0.0,0.0,0.15384615384615385,0.0,0.15384615384615385,0.07692307692307693,0.0,0.0,0.0,0.0,-169.628
0.0,0.0,0.0,0.1,0.0,0.1,0.0,0.0,0.2,0.1,0.1,0.1,0.0,0.0,0.0,0.1,0.1,0.1,0.0,0.0,-133.913
0.0,0.0,0.0,0.0,0.0,0.25,0.0,0.0,0.0,0.125,0.125,0.0,0.125,0.125,0.125,0.125,0.0,0.0,0.0,0.0,-165.347
0.08333333333333333,0.0,0.0,0.0,0.0,0.08333333333333333,0.0,0.16666666666666666,0.08333333333333333,0.08333333333333333,0.0,0.08333333333333333,0.16666666666666666,0.08333333333333333,0.0,0.08333333333333333,0.08333333333333333,0.0,0.0,0.0,-151.997
0.0,0.13333333333333333,0.06666666666666667,0.0,0.06666666666666667,0.2,0.0,0.0,0.0,0.0,0.0,0.06666666666666667,0.06666666666666667,0.0,0.0,0.2,0.06666666666666667,0.13333333333333333,0.0,0.0,-164.979
0.0,0.0,0.0,0.0,0.0,0.7,0.0,0.0,0.0,0.0,0.0,0.0,0.0,0.0,0.0,0.3,0.0,0.0,0.0,0.0,-132.661
0.0,0.0,0.25,0.0,0.08333333333333333,0.0,0.08333333333333333,0.0,0.0,0.08333333333333333,0.08333333333333333,0.08333333333333333,0.0,0.0,0.0,0.16666666666666666,0.0,0.16666666666666666,0.0,0.0,-168.57
0.13333333333333333,0.0,0.06666666666666667,0.0,0.0,0.3333333333333333,0.06666666666666667,0.0,0.06666666666666667,0.0,0.06666666666666667,0.0,0.2,0.06666666666666667,0.0,0.0,0.0,0.0,0.0,0.0,-179.604
0.1,0.0,0.0,0.0,0.0,0.2,0.0,0.0,0.1,0.0,0.0,0.1,0.1,0.1,0.0,0.0,0.1,0.2,0.0,0.0,-142.762
0.09090909090909091,0.0,0.0,0.0,0.0,0.0,0.0,0.2727272727272727,0.18181818181818182,0.0,0.09090909090909091,0.0,0.0,0.18181818181818182,0.09090909090909091,0.0,0.09090909090909091,0.0,0.0,0.0,-160.52
0.21428571428571427,0.0,0.14285714285714285,0.0,0.0,0.0,0.0,0.0,0.14285714285714285,0.21428571428571427,0.0,0.14285714285714285,0.0,0.0,0.0,0.07142857142857142,0.07142857142857142,0.0,0.0,0.0,-136.639
0.037037037037037035,0.0,0.037037037037037035,0.037037037037037035,0.0,0.1111111111111111,0.037037037037037035,0.07407407407407407,0.0,0.07407407407407407,0.0,0.037037037037037035,0.18518518518518517,0.0,0.0,0.18518518518518517,0.037037037037037035,0.07407407407407407,0.037037037037037035,0.037037037037037035,-203.803
0.13333333333333333,0.0,0.0,0.13333333333333333,0.0,0.2,0.0,0.06666666666666667,0.0,0.06666666666666667,0.0,0.0,0.0,0.06666666666666667,0.0,0.13333333333333333,0.06666666666666667,0.06666666666666667,0.0,0.06666666666666667,-157.519
0.125,0.0625,0.0,0.0625,0.0,0.25,0.0,0.0,0.0,0.0,0.0,0.0,0.0625,0.125,0.0,0.0625,0.0625,0.125,0.0,0.0625,-181.983
0.0,0.0,0.13333333333333333,0.06666666666666667,0.0,0.0,0.0,0.26666666666666666,0.0,0.06666666666666667,0.06666666666666667,0.0,0.06666666666666667,0.06666666666666667,0.0,0.2,0.06666666666666667,0.0,0.0,0.0,-151.936
0.07692307692307693,0.07692307692307693,0.07692307692307693,0.0,0.0,0.07692307692307693,0.0,0.0,0.0,0.0,0.07692307692307693,0.0,0.23076923076923078,0.07692307692307693,0.0,0.07692307692307693,0.0,0.15384615384615385,0.0,0.07692307692307693,-176.592
0.17647058823529413,0.058823529411764705,0.0,0.11764705882352941,0.0,0.0,0.0,0.0,0.058823529411764705,0.11764705882352941,0.0,0.058823529411764705,0.058823529411764705,0.058823529411764705,0.058823529411764705,0.11764705882352941,0.0,0.11764705882352941,0.0,0.0,-149.184
0.09090909090909091,0.0,0.0,0.0,0.0,0.0,0.0,0.0,0.09090909090909091,0.09090909090909091,0.0,0.09090909090909091,0.09090909090909091,0.0,0.09090909090909091,0.09090909090909091,0.09090909090909091,0.2727272727272727,0.0,0.0,-167.486
0.0,0.0,0.0,0.0,0.0,0.0,0.0,0.0,0.0,0.0,0.0,0.0,0.9166666666666666,0.08333333333333333,0.0,0.0,0.0,0.0,0.0,0.0,-169.224
0.2,0.05,0.0,0.1,0.0,0.1,0.0,0.0,0.05,0.05,0.05,0.05,0.0,0.0,0.0,0.1,0.1,0.1,0.0,0.05,-160.745
0.13333333333333333,0.0,0.06666666666666667,0.0,0.0,0.0,0.0,0.2,0.2,0.13333333333333333,0.0,0.06666666666666667,0.06666666666666667,0.0,0.0,0.06666666666666667,0.0,0.0,0.0,0.06666666666666667,-170.34
